,id,nome
0,10194,Toy Story Collection
1,119050,Grumpy Old Men Collection
2,96871,Father of the Bride Collection
3,645,James Bond Collection
4,117693,Balto Collection
5,3167,Ace Ventura Collection
6,91698,Chili Palmer Collection
7,9435,Babe Collection
8,9818,Mortal Kombat Collection
9,136214,Pocahontas Collection
10,124935,The Lawnmower Man Collection
11,43563,Friday Collection
12,10924,From Dusk Till Dawn Collection
13,122017,Screamers Collection
14,256377,The Muppet Collection
15,91430,The Neverending Story Collection
16,14890,Bad Boys Collection
17,120794,Batman Collection
18,439053,Brooklyn Cigar Store Collection
19,8819,Casper Collection
20,9649,Mexico Trilogy
21,1570,Die Hard Collection
22,259398,Teenage Apocalypse Trilogy
23,9328,Free Willy Collection
24,286162,Power Rangers Collection
25,328073,Síť (kolekce)
26,9068,The Prophecy Collection
27,247294,Showgirls Collection
29,9887,Species Collection
30,112399,Under Siege Collection
31,23170,Burnt by the Sun Trilogy
32,123800,Before... Collection
33,182813,Clerks Collection
34,96665,Dumb and Dumber Collection
35,410261,A Goofy Movie Collection
36,217704,The Vampire Chronicles
37,10,Star Wars Collection
38,286948,Nemesis Collection
39,300546,Once were Warriors Collection
40,48188,Poison Ivy Collection
41,131,Three Colors Collection
44,144200,Swan Princess Series
45,53159,The Santa Clause Collection
46,115142,Tales from the Crypt Collection
47,115570,Star Trek: The Next Generation Collection
49,192492,The Jack Ryan Collection
50,9436,The Crow Collection
51,351684,The Flintstones (Live-Action) Collection
52,94032,The Lion King Collection
53,8581,A Nightmare on Elm Street Collection
54,43072,The Mask Collection
55,37139,Naked Gun Collection
56,167985,Richie Rich Collection
57,43064,Speed Collection
58,170452,Timecop Collection
59,261203,Street Fighter
60,439409,Fear Collection
61,8050,Highlander Collection
62,11716,Addams Family Collection
63,162028,Stakeout Collection
64,85861,Beverly Hills Cop Collection
65,150156,City Slickers Collection
66,252313,The Endless Summer Collection
68,134011,The Fugitive / U.S. Marshals Collection
69,412680,Hard Target Collection
70,52988,Hot Shots! Collection
71,159600,House Party Collection
72,328,Jurassic Park Collection
73,8580,The Karate Kid Collection
74,5547,RoboCop Collection
75,462565,The Secret Garden Collection
76,105075,The Shadow Collection
77,422837,Blade Runner Collection
78,224478,The Brady Bunch Collection
79,9888,Home Alone Collection
80,86027,Aladdin Collection
81,528,The Terminator Collection
83,9743,The Hannibal Lecter Anthology
84,153010,Beauty and the Beast Collection
85,98580,Candyman Collection
86,43058,Homeward Bound Collection
87,141086,Heavy Metal Collection
88,8917,Hellraiser Collection
89,140910,All Dogs Go to Heaven Collection
90,87359,Mission: Impossible Collection
91,169452,DragonHeart Collection
92,36694,Bloodsport Collection
93,158391,The Apu Collection
95,144146,Lemmy Caution Collection
96,143766,The Substitute Collection
97,52888,The Visitors Collection
98,23026,Ghost in the Shell Collection
99,529,Wallace & Gromit Collection
100,116661,The Arrival Collection
101,303969,"Martin Scorsese’s World Cinema Project, Vol. 1"
102,424202,Trainspotting Collection
103,304378,Independence Day Collection
104,97456,The Hunchback of Notre Dame Collection
105,86028,The Nutty Professor Collection
109,115838,Escape From ... Collection
110,230,The Godfather Collection
111,269098,Police Story Collection
113,19163,The Land Before Time Collection
114,91361,Halloween Collection
115,4438,The Space Odyssey Series
116,47814,The Thin Man Collection
117,261590,Living Dead Collection
118,242765,In the Line of Duty Collection
119,10709,The Mighty Ducks Collection
120,87232,The Apple Dumpling Gang Collection
121,181496,Davy Crockett Collection
122,90348,Witch Mountain Collection
123,12087,Herbie Collection
125,216395,Parent Trap Collection
127,294519,The Shaggy Dog Collection
128,55419,Cinderella Collection
129,271668,Caballeros Collection
130,100970,The Fox and the Hound Collection
131,355490,Freeway Collection
135,86058,Dirty Dancing Collection
136,118221,Weekend at Bernie's Collection
137,86336,Basic Instinct Collection
138,115225,Children of the Corn Collection
139,937,The Pink Panther (Original) Collection
141,174218,The Howling Collection
142,39460,The Water of the Hills Collection
145,153948,Best of the Best Collection
146,33071,Cheech & Chong Collection
148,84,Indiana Jones Collection
149,8091,Alien Collection
150,48317,The Man With No Name Collection
153,1960,Evil Dead Collection
154,119674,Psycho Collection
155,112636,The Blues Brothers Collection
158,330605,The Sting Collection
160,359005,The Jake Gittes Collection
162,264,Back to the Future Collection
164,55427,Fantasia Collection
165,173344,Qatsi Collection
168,397842,The Amityville Horror Collection
175,422193,The Blob Collection
176,218406,Frankenstein (Universal Series)
178,257053,Carrie Collection
180,10919,The Omen Collection
181,498,Heart of Gold Collection
183,307637,Jingle All the Way Collection
184,105629,Paradise Lost Collection
185,124916,101 Dalmatians (Live-Action) Collection
187,151,Star Trek: The Original Series Collection
194,9329,Young Guns Collection
196,86083,Grease Collection
199,2366,The Jaws Collection
202,2602,Scream Collection
203,166379,Turbulence Collection
205,393564,McHale's Navy Collection
206,108693,National Lampoon's Vacation Collection
207,86224,The Saint Collection
208,207952,Barrytown Trilogy
210,105995,Anaconda Collection
211,1006,Austin Powers Collection
212,174407,Warriors of Virtue Collection
215,331475,Shiloh Collection
218,182923,Tetsuo Collection
219,86055,Men In Black Collection
220,43055,Conan the Barbarian Collection
221,126221,George of the Jungle Collection
222,97445,Air Bud Collection
224,10721,Mimic Collection
226,142680,Alex Cross Collection
227,135489,Wishmaster Collection
228,3601,I Know What You Did Last Summer Collection
229,103372,Mr. Bean Collection
230,10522,Starship Troopers Collection
233,372479,Les Boys
237,351886,The Postman Collection
238,71458,3 Ninjas Collection
242,33059,Wild Things Collection
243,350402,Barney Collection
244,221966,The Odd Couple Collection
246,97771,Major League Collection
247,378453,Henry Fool Collection
248,87236,Mulan Collection
249,19387,The X-Files Collection
250,3169,Dr. Dolittle Collection
251,945,Lethal Weapon Collection
252,155474,French Connection Collection
253,1575,Rocky Collection
259,9735,Friday the 13th Collection
272,123255,Prom Night Collection
276,10455,Child's Play Collection
279,10453,Poltergeist Collection
282,12263,The Exorcist Collection
288,89151,The Gremlins Collection
290,1657,Zorro Collection
293,372257,The Poseidon Adventure Collection
294,294468,Flubber Collection
296,87250,Bambi Collection
298,297143,Dexter Riley Collection
302,72119,"Honey, I Shrunk the Kids Collection"
304,97459,The Jungle Book Collection
305,97460,Lady and the Tramp Collection
306,33085,The Little Mermaid Collection
309,100693,101 Dalmatians (Animated) Collection
310,55422,Peter Pan Collection
311,57971,The Rescuers Collection
317,248126,Splash Collection
318,63043,TRON Collection
321,141290,The Lord of the Rings Animated Collection
325,263193,Charlotte's Web Collection
326,141292,The Secret Of NIMH Collection
327,8783,Fievel Collection
329,102782,House Collection
331,87805,The Gods Must Be Crazy Collection
334,143755,Henry: Portrait of a Serial Killer Collection
336,264338,Rosemary's Baby Collection
339,47983,Killer Tomatoes! Collection
340,735,Blade Collection
341,432,Cube Collection
342,90863,Rush Hour Collection
343,52760,Urban Legend
344,479888,The Thing Collection
347,348843,Vampires Collection
348,100286,Elizabeth Collection
350,374384,Stepford Collection
351,57129,Rugrats Collection
352,374509,Godzilla (Showa) Collection
353,374511,Godzilla (Heisei) Collection
355,135495,King Kong (1933 series)
356,135498,King Kong (1976 series)
358,104833,Fletch Collection
362,9338,Police Academy Collection
370,5039,Rambo Collection
373,89264,Romancing the Stone Collection
375,86307,Cocoon Collection
385,340623,The Gate Collection
387,123213,The Fly (1958 series)
388,109609,The Fly Collection
390,111751,Texas Chainsaw Massacre Collection
394,9332,Crocodile Dundee Collection
396,387219,The Hustler Collection
397,387618,8MM Collection
398,10789,Pet Sematary Collection
402,33938,Airport Collection
405,124934,Alligator Collection
406,166698,Westworld Collection
407,1709,Planet of the Apes Original Collection
414,110127,Analyze Collection
415,52789,Cruel Intentions Collection
417,2344,The Matrix Collection
418,1733,The Mummy Collection
419,205860,The Black Mask Collection
421,221544,The Mummy (Universal Series)
422,138965,The Mummy (Hammer Series)
427,8537,Superman Collection
431,221539,Dracula (Universal Series)
437,259027,The Wolf Man (Universal Series)
438,123720,Frankenstein (Hammer Series)
442,281644,Rocky Horror Collection
443,87228,Swamp Thing Collection
445,106768,Tarzan (Animation) Collection
446,2806,American Pie Collection
447,104068,Tales of the Four Seasons
449,64750,Blair Witch Collection
450,97768,Lake Placid Collection
451,2980,Ghostbusters Collection
453,237445,Inspector Gadget Collection
454,185682,The Adventures of Antoine Doinel
455,135502,Allan Quatermain Collection
458,91663,Airplane Collection
462,180854,Problem Child Collection
464,201873,A Christmas Story Collection
465,10713,Universal Soldier Collection
467,123251,Iron Eagle Collection
471,189295,The Spiders Serial
472,143757,Stir of Echoes Collection
473,98168,Fright Night Collection
475,146136,Armour of God Collection
477,47770,Phantasm Collection
480,12203,Drunken Master Collection
481,124492,The Dirty Dozen Collection
485,59586,The Blue Lagoon collection
488,380822,Penitenciaría - Colección
490,122947,Omega Code Series
491,381396,Bats Collection
492,243598,The Best Man Collection
493,89188,Harry Palmer Collection
494,391047,On Any Sunday Collection
501,248339,House on Haunted Hill Collection
502,98036,Re-Animator Collection
503,107725,Creepshow Collection
506,212279,Piranha Collection
507,398740,Mister Roberts Collection
508,48037,Meatballs Collection
512,34055,Pokémon Collection
516,95051,The Up Series
520,95664,Deuce Bigalow Collection
521,135509,The Last Picture Show Collection
522,321063,The Sinbad Collection
523,99727,Stuart Little Collection
526,421904,Batman (DC Universe Animated) Collection
527,103573,Sister Act Collection
529,8979,Wayne's World Collection
533,110179,The Cutting Edge Collection
535,338282,Single White Female Collection
536,87186,The Boondock Saints Collection
537,327598,"To Sir, with Love Collection"
538,2794,The Chronicles of Riddick Collection
539,103577,The Whole Nine/Ten Yards Collection
540,93568,Cross of Iron Collection
541,124950,American Graffiti Collection
544,8864,Final Destination Collection
545,14377,Death Wish Collection
550,1582,Teenage Mutant Ninja Turtles (Original) Collection
556,8647,The Skulls Collection
558,366826,Navarone Collection
559,338327,Beach Party Collection
560,170754,Arthur Collection
561,466318,Bachelor Party Collection
562,399,Predator Collection
563,86105,American Psycho Collection
564,159616,East is East Collection
565,104847,Caddyshack Collection
569,256484,Carnosaur Collection
572,175858,Hidden Collection
573,127280,The Three Mothers Collection
574,342009,Die Nibelungen Filmreihe
575,246839,Center Stage Collection
576,179244,Pee-wee's Collection
578,96679,Road Trip Collection
580,59567,Shanghai Noon Collection
585,44979,Big Momma's House Collection
588,123726,Quatermass (Hammer series)
590,107949,Puppet Master Collection
597,424830,The Benji Collection
600,157671,The Decline of Western Civilization Collection
603,10456,Dirty Harry Collection
604,109592,Porky's Collection
607,263866,Nuke 'Em High Collection
608,32135,The Toxic Avenger Collection
612,174245,Alien Nation Collection
613,8945,Mad Max Collection
616,121195,9½ Weeks Collection
617,207447,Firestarter Collection
618,495,Shaft Collection
620,171439,F/X Collection
622,46512,Missing in Action Collection
628,173628,Nekromantik Collection
631,4246,Scary Movie Collection
632,748,X-Men Collection
636,166376,Hollow Man Collection
640,123256,Pumpkinhead Collection
641,47391,Sleepaway Camp Collection
642,123249,"Ilsa, She Wolf of the SS Collection"
643,223564,The Cell Collection
644,374512,Godzilla (Millennium) Collection
647,25410,The Art of War Collection
648,430186,Bring It On Collection
650,8412,Anatomy Collection
660,221537,Creature From The Black Lagoon (Universal Series)
661,259401,The Invisible Man (Universal Series)
662,138971,The Slumber Party Massacre Collection
665,138974,The Sorority House Massacre Collection
667,39244,Digimon Collection
668,51509,Meet the Parents Collection
669,240690,Billy Jack Collection
671,44913,Ghoulies Collection
675,86029,Charlie's Angels Collection
679,290973,"Crouching Tiger, Hidden Dragon Collection"
680,106498,Dungeons & Dragons Collection
682,52783,Wall Street Collection
683,178117,The Emperor's New Groove Collection
684,93220,Miss Congeniality Collection
685,115822,Dracula 2000 Collection
686,312735,Annie Collection
687,107469,Save The Last Dance Collection
690,141282,The Brave Little Toaster Collection
691,330555,Ernest Collection
694,109076,Lost Boys Collection
695,124951,Mannequin Collection
696,109082,Left Behind Collection
697,287016,Wong Kar-Wai's Informal Collection
699,421084,Disneys Große Pause
700,366444,Demetrius Filmreihe
701,116847,Dr. Phibes Collection
703,48190,Revenge of the Nerds Collection
705,257571,C.H.U.D. Collection
706,86486,Spy Kids Collection
710,8936,Bridget Jones Collection
711,353325,Joe Dirt Collection
714,2150,Shrek Collection
716,441439,Alienation Trilogy
717,110021,The Magnificent Seven Collection
719,100965,Atlantis Collection
720,2467,Tomb Raider Collection
722,9485,The Fast and the Furious Collection
723,3963,The Crimson Rivers Collection
724,87014,Cats & Dogs Collection
727,421566,Totò Collection
728,101688,Cannonball Run Collection
731,427956,Dr Goldfoot Collection
735,140760,Final Fantasy Collection
736,86024,Legally Blonde Collection
740,10893,Critters Collection
744,182617,Elvira Collection
748,101471,Return of the Living Dead Collection
750,89272,The Man From Snowy River Collection
752,86347,Short Circuit Collection
755,126220,The Waxwork Collection
756,91945,American Ninja Collection
760,91746,Bill & Ted's Most Excellent Collection
762,98853,Cyborg Collection
763,351230,Dream a Little Dream Collection
764,186102,Eddie and the Cruisers Collection
766,88735,K-9 Collection
767,105322,Kickboxer Collection
768,9521,Look Who's Talking Collection
772,87631,The Musketeers Collection
773,224976,Road House Collection
774,138706,The Stepfather Collection
776,87536,Warlock Collection
779,104716,Basket Case Collection
780,107674,The Princess Diaries Collection
782,239968,La cage aux folles
784,168182,Philo & Clyde Collection
786,94899,Jeepers Creepers Collection
791,383632,A Man Called Horse Collection
792,352789,Zoolander Collection
793,166378,Joy Ride Collection
794,41649,The Party Collection
797,178106,Darko Collection
798,137696,"Monsters, Inc. Collection"
799,276838,When a Stranger Calls Collection
800,1241,Harry Potter Collection
801,449750,Fanny Brice Collection
802,106000,Beastmaster Collection
804,284024,The Exterminator Collection
805,211753,Caprona Collection
809,98513,Behind Enemy Lines Collection
810,304,Ocean's Collection
812,119,The Lord of the Rings Collection
813,476056,Fritz the Cat Collection
815,395591,Sex and Zen Collection
816,93295,48 Hrs. Collection
819,87214,The Sandlot Collection
821,449462,Super Troopers Collection
823,262011,Sleuth Collection
825,124879,State Property Collection
826,215326,The Bad New Bears Collection
829,460292,The Lone Ranger (Clayton Moore) Collection
831,122952,Vampire Hunter D Collection
832,19160,FernGully Collection
833,133923,Zombi Collection
834,108669,Get Smart Collection
835,221308,"Oh, God! Collection"
837,8354,Ice Age Collection
838,17255,Resident Evil Collection
839,456980,The Paleface Collection
840,135441,Road to Collection
845,87220,Smokey and the Bandit Collection
848,112537,Sällskapsresorna
850,43220,National Lampoon’s Van Wilder Collection
851,261526,Slap Shot Collection
852,389767,My Big Fat Greek Wedding Collection
853,256729,War Trilogy
855,406817,Horror High Collection
856,107688,3 Men Collection
858,116669,The Scorpion King Collection
860,5202,Wild Orchid Collection
861,556,Spider-Man Collection
862,178654,White Fang Collection
867,31562,The Bourne Collection
868,86860,Scooby-Doo Collection
870,97461,Lilo & Stitch Collection
872,363014,Like Mike Collection
877,167456,Our Man Flint Collection
878,113635,The Modesty Blaise Collection
881,52785,xXx Collection
882,356437,Living Trilogy
883,115839,Blue Crush Collection
884,117777,Undisputed Collection
885,363966,Care Bears Collection
888,135501,976-EVIL Collection
891,176097,Barbershop Collection
892,9518,The Transporter Collection
895,267922,The Hills Have Eyes (Original) Collection
898,277739,"Heaven, Hell and Purgatory Collection"
906,123724,Dracula (Hammer Series)
907,386818,Django - Original films
910,14563,The Ring Collection
913,288280,Saturday Night Fever Collection
915,457305,Man of Marble/Iron Collection
916,373538,Enter the Ninja Collection
917,97237,Faces of Death Collection
923,169329,Göta kanal collection
924,295862,The BRD Collection
925,264437,My Bloody Valentine Collection
927,17178,Jackass Collection
930,43063,Half Past Dead Collection
933,148517,"Pagnol, Childhood's Memories"
936,88574,Scanners Collection
940,218293,Brother Collection
941,12075,Elling Collection
942,296429,I Spit on Your Grave (Original) Collection
943,374386,Anglo-Zulu War Collection
945,140126,Vabank (Collection)
946,63170,Jönsson Gang
948,164397,Class of 1999 Collection
949,423877,Turkish Star Wars
952,85960,My Girl Collection
956,104842,Blue Collar Comedy Tour Collection
958,227147,Tokyo Decadence series
959,10517,Le Gendarme de St. Tropez Collection
962,315750,They Call Me Bruce Collection
964,137766,Zapped Collection
967,195441,Dennis the Menace Collection
968,405393,The Black Stallion Collection
970,375886,Willard
971,354210,Born Free Trilogy
972,93369,Ringu Collection
974,261057,I Am Curious Collection
975,100992,The Flicka Collection
977,8385,Aki Kaurismäki's Finland trilogy
978,105625,House of 1000 Corpses Collection
980,228887,Daddy Day Camp Collection
981,92222,Breakin' Collection
983,431417,Nevada Smith Collection
985,239766,The Klapisch Trilogy
987,124949,Almighty Collection
988,137697,Finding Nemo Collection
989,52985,Wrong Turn Collection
996,1565,28 Days/Weeks Later Collection
1000,295,Pirates of the Caribbean Collection
1002,86117,Johnny English Collection
1003,194752,Trilogie
1006,289531,Gator Collection
1010,221111,S.W.A.T. Collection
1013,91427,Agent Cody Banks Collection
1014,91799,Tremors Collection
1017,7505,Elements Trilogy
1020,330892,Sides of the Bed
1021,201576,The Cabin Fever Collection
1023,10457,Once Upon a Time in China Collection
1027,2326,Underworld Collection
1028,409138,Yossi Collection
1029,201778,Dorm Daze Collection
1030,187736,Leningrad Cowboys Collection
1031,168880,Beethoven Collection
1033,11794,Ginger Snaps Collection
1035,117927,House of the Dead Collection
1036,2883,Kill Bill Collection
1037,425175,Texas Chainsaw (Reboot) Collection
1039,96472,Brother Bear Collection
1040,264335,The Eye Collection
1044,478628,Sherlock Holmes (1939 series)
1049,423173,Bad Santa Collection
1050,45154,Darkman Collection
1051,208765,Europa Trilogy
1053,151263,WarGames Collection
1055,397444,Kindergarten Cop Collection
1056,16302,Battle Royale Collection
1057,43066,Teen Wolf Collection
1059,19285,Leprechaun Collection (Original Series)
1062,144689,Honey Collection
1064,114783,Cheaper by the Dozen Collection
1066,245129,Pumping Iron Collection
1067,157890,The Matt Helm Collection
1068,52749,The Butterfly Effect Collection
1069,353721,You Got Served Collection
1072,158373,The Lost Skeleton Collection
1073,201930,Blacula Collection
1080,1952,USA: Land of Opportunities Collection
1081,17235,Hellboy Collection
1082,86334,The Prince & Me Collection
1083,299748,Walking Tall Collection
1088,99606,Mean Girls Collection
1089,109608,Van Helsing Collection
1090,205977,The Kingdom
1091,404111,100 Girls Collection
1096,10441,Babylon 5 Collection
1098,126166,The Delta Force Collection
1099,272673,Cat People Collection
1101,159340,Bang Rajan Collection
1102,14246,Sniper Collection
1111,478442,Lammbock Collection
1112,122945,The Legend Collection
1115,123740,Vampire Karnstein (Hammer series)
1116,308153,The Cheerleaders - Collection
1117,48829,The Streetfighter Collection
1120,145494,The Gidget Collection
1121,286935,Silence of God Trilogy by Ingmar Bergman
1124,185667,The Complete Monterey Pop Festival
1125,58588,Infernal Affairs Collection
1126,349889,Robot Jox Collection
1127,434533,Death Race Original Collection
1128,434270,Lew Harper Collection
1129,95891,In China They Eat Dogs Collection
1131,289288,Per Fly trilogien (Samling)
1132,192532,Dead or Alive Collection
1134,11140,Dr. Mabuse Collection
1136,145901,Lupin the Third Collection
1138,448468,Grey Gardens Collection
1142,86115,Garfield Collection
1146,475802,Super Size Me Collection
1148,85473,The Human Condition
1150,476054,The Hitcher (1986) Collection
1152,145784,The Philadelphia Experiment - Collezione
1154,211721,Taxi Collection
1156,280539,Lassie (Kinofilme)
1159,93791,Anchorman Collection
1160,437451,Cinderella Story Collection
1161,138163,Trylogia Sienkiewicza
1169,306882,Thunderbirds (Animation) Collection
1171,171586,PTU Collection
1172,30663,Harold & Kumar Collection
1174,115762,AVP Collection
1175,146534,Without a Paddle Collection
1180,374418,The Mangler Collection
1181,136218,Night of the Demons Collection
1182,168186,Witchboard Collection
1188,256297,It's Alive Collection
1189,1974,The Grudge Collection
1190,656,Saw Collection
1191,468222,The Incredibles Collection
1194,52984,National Treasure Collection
1195,275402,SpongeBob Collection
1198,208602,That's Entertainment Collection
1202,48802,I Love a Mystery movie series
1205,438087,Topper Collection
1206,158365,Why We Fight
1208,426985,Ivan The Terrible Collection
1210,84923,The Orphic Trilogy
1211,135508,Allan Quatermain (1950 series)
1213,12077,St. Trinian's Collection
1214,102452,Samurai Collection
1221,94039,Asterix and Obelix (Animation) Collection
1225,161766,Gamera Films
1226,212525,Trinità  Collection
1228,308465,The Emigrants Collection
1231,105764,The Tall Blond Man Collection
1232,102128,Lone Wolf and Cub Collection
1234,409026,Nobody Collection
1235,157504,Walking Tall Original Collection
1236,39438,Emmanuelle Collection
1237,391040,Gone in 60 Seconds Trilogy
1238,211860,Mountain Family Robinson Collection
1239,405256,Dolemite Collection
1243,107473,Ирония судьбы (Коллекция)
1244,334563,The Sister Street Fighter Collection
1245,294834,Vixens Collection
1246,188458,Trilogy of Terror Collection
1249,255702,The Rutles Collection
1251,52835,French Fried Vacation
1252,14095,Barefoot Gen Collection
1253,133830,Star Wars: The Ewok Adventures Collection
1254,256296,"Silent Night, Deadly Night Collection"
1255,94035,Anne of Green Gables Collection
1257,284111,Barbarian Queen Collection
1258,430201,Demons Collection
1260,155421,Mr. Vampire Collection
1263,74083,Flodder Collection
1264,99635,A Better Tomorrow Collection
1265,160468,The Frogtown Collection
1266,324149,Koker Trilogy
1267,9046,A Chinese Ghost Story Collection
1269,98435,Patlabor Collection
1272,476066,Begotten Collection
1276,361140,House of Angels Collection
1277,151861,Lonesome Dove Collection
1279,192167,The Bride with White Hair Collection
1282,86341,Fortress Collection
1286,278467,Trilogía de la violencia de Michael Haneke
1287,309259,Naked Collection
1291,473943,Gonin collection
1292,190435,Street Fighter Collection
1294,203178,Jack Frost Collection
1295,137913,The Hunters Collection
1297,203910,Pusher Collection
1298,362047,Bikini Summer Collection
1299,142717,The Cremaster Cycle
1300,108043,Hamilton Collection
1304,2248,Torrente Collection
1306,344936,Unna Trilogie
1309,149191,Lady Snowblood Collection
1311,404770,Superman (DC Universe Animated) Collection
1312,96850,Evangelion Collection
1314,338416,Kirikou
1317,107462,Osobennosti Natsionalnoy ... - Collection
1319,268014,The Big Bottom Box
1320,164394,If These Walls Could Talk Collection
1324,206072,Running Out Of Time Collection
1325,426370,The Wog Boy Collection
1326,103190,The Female Prisoner Series
1328,379475,Batman Beyond Collection
1332,2396,Asterix and Obelix Collection
1337,473850,My Sassy Girl Collection
1338,118657,Annika Bengtzon Collection
1339,101676,My Wife is a Gangster Collection
1341,386495,Fubar Collection
1342,4563,The Vengeance Collection
1343,308645,The Foreigner Collection
1344,24726,Johan Falk Collection
1347,279836,Herr Lehmann Filmreihe
1348,1972,Ju-on Collection
1357,377545,Samurai Trilogy
1358,192541,The Twins Effect Collection
1360,371950,Dark Woods Collection
1364,126580,One Missed Call Collection
1365,53154,Inuyasha Collection
1368,94589,Ong Bak Collection
1370,306063,Saints and Soldiers Collection
1371,86113,Open Water Collection
1374,475520,The Yes Men Collection
1375,107461,Bummer Collection
1376,101246,Azumi Collection
1378,476065,What the Bleep! Collection
1382,102777,White Noise Collection
1384,191023,The Yakuza Papers Collection
1385,251858,Brancaleone Collection
1386,87800,Appleseed Collection
1387,11875,Pippi Longstocking
1389,413937,Father Flanagan Collection
1391,275873,Dr. Who Collection
1392,176118,The Are We Collection
1393,149704,Alone in the Dark Collection
1394,96937,The Boogeyman Collection
1396,437628,Constantine Collection
1398,3106,World of Watches Collection
1400,384920,"No Retreat, No Surrender Collection"
1401,169851,The ChubbChubbs Collection
1405,108170,The Blind Dead Collection
1411,101646,Vares Collection
1413,385721,Zu Warriors Collection
1415,135179,Sin City Collection
1416,167691,Trilogy of Life
1418,97919,The Love Comes Softly Collection
1422,96887,Zatôichi: The Blind Swordsman
1423,441443,Ukraine Trilogy
1427,14740,Madagascar Collection
1429,17368,The Sisterhood of the Traveling Pants Collection
1431,263,The Dark Knight Collection
1436,150954,My Friends Collection
1439,9744,Fantastic Four Collection
1442,131780,Whispering Corridors Collection
1443,332357,The Dukes Of Hazzard Collection
1446,220448,Mr. Wong Collection
1452,93731,Waiting Collection
1453,152544,Green Street Hooligans Collection
1455,174386,Into the Blue Collection
1458,110177,Goal! Collection
1459,206921,Star Wreck Collection
1464,298820,American Pie (Spin-off) Collection
1465,65249,Tarzan (Johnny Weissmuller series)
1469,285564,Jarhead Collection
1471,268098,Wolf Creek Collection
1472,87258,The Descent Collection
1474,321061,The Wild Geese Collection
1476,420,The Chronicles of Narnia Collection
1477,378268,Havoc Collection
1482,117952,The Dentist Collection
1483,107471,Yamakasi - Collection
1486,85946,District 13 Collection
1487,97307,BloodRayne Collection
1488,86578,Hostel Collection
1489,87255,Hoodwinked! Collection
1492,189159,Project A Collection
1499,148324,Uuno Turhapuro
1502,35792,Nanny McPhee Collection
1503,157626,The Comedians Of Comedy Collection
1505,130440,The Pink Panther (Steve Martin) Collection
1506,123218,Troll Collection
1507,55428,Curious George Collection
1509,124188,Pulse Collection
1510,159613,Election Collection
1511,286904,Ultimate Avengers Collection
1519,8918,The Hills Have Eyes (Reboot) Collection
1525,64748,Silent Hill Collection
1526,251970,The Protector Collection
1528,158038,Die Nibelungen Collection
1531,115776,Robert Langdon Collection
1533,87118,Cars Collection
1536,296872,See No Evil Collection
1538,87253,High School Musical Collection
1542,351721,The Sheriff and the Satellite Kid Collection
1546,246091,Krrish Collection
1548,85943,Night at the Museum Collection
1549,64751,Crank Collection
1550,86092,Step Up Collection
1551,417491,Bon Cop Bad Cop Collection
1552,156240,The Heroic Trio Collection
1553,44917,Swordsman Collection
1558,66761,Open Season Collection
1561,166373,The Marine Collection
1562,98430,Feast Collection
1563,261382,Clint Eastwood's Iwo Jima Collection
1566,266846,Corto Maltese
1570,92012,Happy Feet Collection
1571,91588,OSS 117 Collection
1572,297371,Reeker Collection
1575,123717,She Collection
1578,102008,Another Gay Movie Collection
1579,123438,Loose Change Collection
1582,141084,Happily N'Ever After Collection
1583,160727,Stomp the Yard Collection
1584,85817,Arthur and the Invisibles Collection
1586,11582,Don Camillo Collection
1593,96680,Smokin' Aces Collection
1594,164395,The Messengers Collection
1596,376970,Cocaine Cowboys
1598,436982,SPL Collection
1599,101385,Trailer Park Boys Collection
1600,90306,Ghost Rider Collection
1601,159603,Kidulthood Collection
1603,108125,The 36th Chamber of Shaolin Collection
1605,187089,Emil i Lönneberga
1607,285130,2001 Maniacs Collection
1613,269190,The Ultimate Collection
1614,125570,300 Collection
1618,86112,Vacancy Collection
1621,375228,The Condemned Collection
1624,254636,Maniac Cop Collection
1626,376863,This is England Collection
1630,85890,The Librarian Collection
1638,325798,Star Crash Collection
1639,436295,Surf's Up Collection
1641,339577,Grindhouse Collection
1647,8650,Transformers Collection
1649,86797,Arn collection
1651,369380,If I Were You Collection
1652,2704,The Bible Collection
1653,442352,Brice Collection
1656,126209,Halloween (Rob Zombie Series) Collection
1657,138908,2 Days In... Collection
1658,353754,Trilogía Sollima
1661,45355,Kevin Smith: Silent Bob Speaks!
1665,91660,30 Days of Night Collection
1666,143588,Why Did I Get Married Collection
1669,119581,Elite Squad Collection
1670,140758,Decoys Collection
1672,464270,The Man from Earth Collection
1674,390096,Hitman Collection
1675,167613,Alvin and the Chipmunks Collection
1676,13800,Futurama Collection
1678,113679,Design Trilogy
1679,472781,Inoshika Ocho series
1680,264339,The Hamiltons Collection
1683,215456,Keinohrhasen Filmreihe
1684,91697,Battlestar Galactica (Reboot) Collection
1685,74508,[REC] Collection
1686,122922,In the Name of the King Collection
1687,124901,Hatchet Collection
1692,286177,Footsoldier Collection
1695,96682,Zeitgeist Collection
1696,238419,Anders Matthesen
1700,96676,Never Back Down Collection
1702,385720,Zebraman Collection
1703,232844,Nim's Island Collection
1704,124881,Street Kings Collection
1706,108804,Outpost Collection
1712,131292,Iron Man Collection
1713,135483,Taken Collection
1714,44215,Stargate SG-1 Collection
1718,50457,Sex and the City Collection
1719,77816,Kung Fu Panda Collection
1720,314917,Flesh Gordon Collection
1721,462400,Wanted - Collection
1722,369005,Ten Minutes Older... (Collection)
1726,25542,An American Girl Collection
1727,363015,Frosty the Snowman Collection
1728,458558,Mamma Mia! Collection
1729,76291,Simon Brenner Collection
1730,72547,Journey Collection
1733,102019,Death Note Collection
1734,118828,Space Chimps Collection
1739,108502,The Discworld Collection
1742,96677,Red Cliff Collection
1745,86116,Death Race Collection
1746,105324,Mirrors Collection
1752,3292,Tulse Luper
1753,266731,Cat Stevens y Hutch Bessy Trilogy
1754,321065,The Sabata Collection
1756,141615,Niko - Coleccion
1757,123932,Quarantine Collection
1766,476063,Guinea Pig Collection
1768,192174,Crows Collection
1769,148055,Camp Rock Collection
1772,87256,Beverly Hills Chihuahua Collection
1773,158376,Hanzo the Razor Collection
1776,124930,King of the Zombies Collection
1777,33514,The Twilight Collection
1779,280562,The Guyver Collection
1782,86774,Che Collection
1792,201061,War of the Worlds Collection
1795,230532,Marley & Me Collection
1796,59235,Jesse Stone Collection
1799,70068,Ip Man Collection
1802,251383,The Gamers Collection
1803,85945,The Mesrine Collection
1809,195646,Galaxy Express 999 Collection
1810,328372,Mall Cop Collection
1814,96661,Afro Samurai Collection
1815,47627,Trancers Collection
1821,156152,La Trilogie Marseillaise
1824,169740,The Haunting in Connecticut Collection
1825,477050,Takashi Miike's Young Thugs series
1827,24761,The Millennium Collection
1828,110041,Naked Fear Collection
1831,286006,Rest Stop Collection
1832,183256,Kiler Collection
1834,457550,Sugata Sanshirō Collection
1836,265782,The Desert Collection
1839,453993,The Wolverine Collection
1840,115575,Star Trek: Alternate Reality Collection
1841,413661,Charlie Chan (Sidney Toler) Collection
1842,10964,Flatfoot Collection
1849,240156,Sami Swoi Collection
1852,140612,Fullmetal Alchemist Collection
1855,86119,The Hangover Collection
1856,165743,Ranma Collection
1858,261240,U Pana Boga Collection
1859,286038,Dead Snow Collection
1862,373918,Garfield (Animation) Collection
1863,75014,How I Unleashed World War II
1868,26863,Caprinos Eventyrlige Verden
1870,350836,Dark Planet Collection
1876,165369,The Collector Collection
1877,135468,G.I. Joe (Live-Action) Collection
1878,221622,12 Rounds Collection
1880,353708,Kill Buljo Collection
1881,210303,Rebuild of Evangelion
1882,190135,Love Hina Collection
1884,404148,Olympia
1886,109044,Shadow Warriors
1892,37261,The Carry On Collection
1894,141448,Fuga de cerebros - Collection
1895,158643,Laid to Rest Collection
1897,177467,Cloudy with a Chance of Meatballs Collection
1900,41437,Paranormal Activity Collection
1902,378025,Die Fritz Lang Indien-Edition
1905,368982,MVP
1912,282246,Mickey's Upon a Christmas Collection
1915,175722,The Gorky Collection
1916,87096,Avatar Collection
1917,102322,Sherlock Holmes Collection
1925,209739,MacGyver (TV Movies) Collection
1927,244242,Ninja Collection
1929,264481,Mega Shark Collection
1930,242587,Rudolph the Red-Nosed Reindeer Collection
1935,38451,Charlie Chan (Warner Oland) Collection
1936,454520,Captain Harlock Collection
1939,475511,Steal This Film Collection
1940,179919,Percy Jackson Collection
1944,222634,Tooth Fairy Collection
1947,261307,Alice in Wonderland Collection
1952,86668,Elektra Luxx Collection
1953,379920,Deadly Prey Collection
1954,380006,Mondo Cane Collection
1955,46082,Ma and Pa Kettle Collection
1956,313576,Hot Tub Time Machine Collection
1957,89137,How to Train Your Dragon Collection
1958,458017,Tom and Jerry Collection
1964,86780,Clash of the Titans Collection
1965,179892,Kick-Ass Collection
1966,97156,Varg Veum Collection
1971,86110,Diary of a Wimpy Kid Collection
1974,314042,Onomichi Trilogy
1975,168618,The Moment After Collection
1976,142182,Bananas!* Collection
1977,211075,Panda! Go Panda! Collección
1978,96671,The Human Centipede Collection
1980,119234,Stray Cat Rock Collection
1984,12141,3 Men (Original) Collection
1985,435347,男はつらいよ シリーズ
1990,264434,Demonic Toys Collection
1991,429234,Trilogia Zé do Caixão
1999,463068,Täällä Pohjantähden alla (Timo Koivusalo)
2001,283417,Rampage Collection
2005,33878,Destricted
2008,86066,Despicable Me Collection
2009,180546,Grown Ups Collection
2012,303872,Little Nicholas Collection
2016,126125,The Expendables Collection
2017,104830,Piranha 3D Collection
2019,294172,Tekken Collection
2020,257899,The President's Man Collection
2021,425164,Dragon Ball Z (Movie) Collection
2022,177675,The Last Exorcism Collection
2024,225543,Gasland Collection
2025,210006,Machete Collection
2027,360342,Tarzan (Lex Barker series)
2028,278920,Vampires Suck Collection
2029,220872,Men in the City Collection
2031,290933,Superman / Batman (Animated) Collection
2036,89959,Mr. Moto Collection
2037,306926,Monsters Collection
2041,295777,Korengal Valley Documentaries
2043,163902,RED Collection
2044,11118,The Olsen Gang Collection
2050,166844,Sammy's Adventure Collection
2051,324371,The Riffs Trilogy
2054,167716,The Bill Douglas Trilogy
2056,463959,Tangled Collection
2060,129293,The Dick Proenneke Collection
2061,395556,The August Underground Collection
2064,412736,Rare Exports Collection
2069,201548,The One-Armed Swordsman Collection
2071,461937,"Sarah, Plain and Tall Collection"
2072,322330,Garfield Holiday Celebrations
2075,441682,Klovn
2076,395466,Tere Bin Laden Collection
2080,188202,"Pane, amore e… - Collezione"
2082,385528,Outrage Collection
2085,53043,The Magick Lantern Cycle
2086,309300,The Trip Collection
2088,219691,I Spit on Your Grave Collection
2096,461755,Napapiirin sankarit
2097,280504,Mechanic Collection
2111,228446,Insidious Collection
2113,56005,Dead Space Collection
2116,473983,Hababam Sınıfı Collection
2119,124426,New Kids Collection
2120,154002,Easy Money Collection
2121,432151,Daffy Duck Movie Collection
2123,229932,Rio Collection
2124,131296,Thor Collection
2125,166381,Atlas Shrugged Collection
2126,150967,Benvenuti al... Collection
2130,146532,The Storm Riders Collection
2131,264914,Eye of the Dolphin Collection
2132,171732,Mothra Collection
2144,148320,Vääpeli Körmy - Collection
2153,281097,Philo Vance Collection
2154,148315,Pekko aikamiespoika Collection
2157,120927,McDull Collection
2158,280588,Horrible Bosses Collection
2162,142021,Dhamaal Collection
2164,118474,Truth in 24 Collection
2166,131295,Captain America Collection
2173,134897,The Smurfs (Theatrical) Collection
2176,241729,Alpha and Omega Collection
2178,433061,Fred Collection
2181,173710,Planet of the Apes (Reboot) Collection
2182,99321,Gantz Collection
2189,230161,Fright Night (Reboot) Collection
2190,86553,Cold Prey Collection
2191,473843,Stake Land Collection
2193,225961,Birdemic Collection
2194,260601,The Worricker Collection
2195,279959,The Inbetweeners Collection
2196,386549,"Fat, Sick & Nearly Dead"
2198,419784,Masti Collection
2199,259085,Ironclad Collection
2200,86311,The Avengers Collection
2207,177062,Blondie Collection
2210,168545,Sometimes They Come Back Collection
2211,165131,Dreileben
2215,286951,Singham Collection
2218,114915,Xtro Collection
2219,129748,The Gruffalo Collection
2225,394204,The Snowman Collection
2226,370374,Sharktopus Collection
2227,131635,The Hunger Games Collection
2231,458697,Macon County Collection
2232,104202,Mr. Bones Collection
2235,91657,Disney Buddies Collection
2236,294187,Born To Race Collection
2237,288491,Dolphin Tale Collection
2238,288235,Cat Run Collection
2243,317299,Puss 'n Boots Collection
2244,107465,Six Degrees of Celebration Collection
2246,135466,Grave Encounters Collection
2247,222639,Detective Dee Collection
2248,315560,The Woman in Black Collection
2250,215452,Kokowääh Filmreihe
2252,294226,The Dead Collection
2259,476961,Goon Collection
2260,212562,Jump Street Collection
2261,393126,Letters to Santa Collection
2262,96666,Eden of the East Collection
2265,114431,The Incredible Hulk (TV Movie) Collection
2266,312977,Iron Sky Collection
2268,257960,The Raid Collection
2269,413946,Gamma One Collection
2270,84785,La trilogie de la mort – Nacho Cerda
2271,142015,Housefull Collection
2272,306937,Best Exotic Marigold Hotel Collection
2273,86414,Boston Blackie Series
2274,253537,Spud Collection
2275,239430,Think Like a Man Collection
2279,141649,Three Steps Above Heaven Collection
2280,174995,Boys Love Collection
2281,70764,Largo Winch Collection
2283,393379,The Huntsman Collection
2285,135416,Prometheus Collection
2286,292068,The Pact Collection
2288,466004,A Few Best Men Collection
2292,386410,Dragon Ball Collection
2301,266672,Ted Collection
2302,328247,Magic Mike Collection
2307,125574,The Amazing Spider-Man Collection
2318,198697,Immaturi Collection
2320,425189,Dragon Ball Z OVA Collection
2321,103291,Subspecies Collection
2322,187734,La Classe Américaine & Cie
2325,224011,Dick Tracy 1940s Collection
2329,297299,Bullit & Riper Collection
2335,306031,Pitch Perfect Collection
2336,123640,Les Mystères de l'ouest (Collection)
2338,48655,Deathstalker Collection
2342,259363,Manuale d'amore - Collezione
2344,207621,V/H/S Collection
2346,23497,Bleach (Collection)
2347,467577,Evil Bong Collection
2349,357173,Sinister Collection
2350,185103,Hotel Transylvania Collection
2354,165778,We Are From The Future Collection
2356,48194,Ator Collection
2358,385717,Thermae Romae Collection
2361,244500,Gangs of Wasseypur Collection
2365,161373,Tai Chi Collection
2368,324475,Mann Filmreihe
2370,404825,Wreck-It Ralph Collection
2372,334356,The Man with the Iron Fists Collection
2379,248534,Batman: The Dark Knight Returns Collection
2383,205459,Fearless Hyena Collection
2385,261286,Bad Ass Collection
2386,239595,Nativity Collection
2389,93287,Seventh Company Collection
2390,300431,Lucky Stars Collection
2393,184977,Shaolin Temple Collection
2396,121938,The Hobbit Collection
2399,283733,The Three Brothers Collection
2400,260586,Le Cœur des Hommes
2401,327871,Count Yorga Collection
2402,403374,Jack Reacher Collection
2404,119237,Legends of the Poisonous Seductress
2405,391739,Cirque du Soleil Collection
2412,206559,StreetDance Collection
2414,247028,Rurouni Kenshin Live-Action Collection
2415,133891,Confessions Collection
2417,19262,Trapped in the Closet
2420,256433,Dabangg Collection
2421,251937,A Haunted House Collection
2432,415931,The Bowery Boys
2433,456733,The 1997 Trilogy
2436,91813,Angelique Collection
2441,133352,Resident Evil: Biohazard
2442,207632,The ABCs of Death Collection
2443,445332,Takashi Miike's Black Society Trilogy
2448,135014,Åsa-Nisse Collection
2453,456576,Journey to the West Collection
2455,188534,Fantômas Serial
2459,464577,The Croods Collection
2461,205145,Gor Collection
2462,386534,... Has Fallen Collection
2463,44724,Don Collection
2466,286936,Cyborg 009 Collection
2470,256287,Justice League (Animated) Collection
2474,385639,The Sentimental Swordsman Collection
2477,385712,The South Shaolin Master Collection
2482,456,Sissi Collection
2485,197476,Captain America 1979 Classic Collection
2487,476071,The Devil's Carnival Collection
2488,382685,Now You See Me Collection
2489,65906,Mods Collection
2490,209131,Man of Steel Collection
2491,256322,The Purge Collection
2496,363369,Pacific Rim Collection
2497,386162,LEGO DC Comics Super Heroes Collection
2498,416468,World War Z Collection
2501,362878,Yamla Pagla Deewana
2510,286023,Sharknado Collection
2514,313086,The Conjuring Collection
2520,47400,Nick Carter Collection
2526,343297,My Little Pony: Equestria Girls Collection
2533,297923,We're the Millers Collection
2537,270252,Planes Collection
2540,480071,"Maria, ihm schmeckt's nicht!"
2549,416305,Killjoy
2556,243811,Paradise Trilogy
2558,398758,Action Pack Bandit Films Collection
2562,161314,The Angel Collection
2567,90031,Inner Sanctum mysteries
2580,259256,Race Collection
2585,23456,One Piece Collection
2587,279445,China O'Brien Collection
2591,386382,Frozen Collection
2592,160677,"Ninja, Band of Assassins Collection"
2603,418219,Carmina - Colección
2605,354164,Lamù Collection
2612,23453,Tengen Toppa Gurren Lagann Collection
2615,340633,Eberhofer Krimi Collection
2625,344555,"F*ck You, Goethe Collection"
2626,393744,Горько! (Коллекция)
2628,44976,Dhoom Series
2629,478545,American Addict Collection
2631,283775,Zanna Bianca Collection
2639,113589,The Hire
2641,376650,Ride Along Collection
2643,283579,Divergent Collection
2648,293981,Flowers in the Attic Collection
2650,408196,Teen Beach Collection
2655,325470,The Lego Movie Collection
2658,258664,Nymphomaniac Collection
2661,252338,The Four Collection
2665,397341,Don't Go Breaking My Heart Collection
2670,59007,Bionicle Collection
2677,358930,Contracted Collection
2678,319850,Department Q series
2681,403001,Meu Passado me Condena
2682,455278,My Mom is a Character Collection
2683,388180,Ocho apellidos - Colección
2684,393326,Torchy Blane
2686,121067,Bloodfist Collection
2688,464308,The Nut Job Collection
2689,455123,Belle et Sébastien
2692,160792,Prudence et Bélisaire Beresford Collection
2699,334996,Son of Batman Collection
2701,409343,God's Not Dead Collection
2707,458095,Super Giant Collection
2708,237444,A Golden Christmas Collection
2711,400700,Neighbors Collection
2741,246207,Gunbuster Collection
2743,284433,Guardians of the Galaxy Collection
2746,239011,Detective Collection
2748,417481,Father and Guns Collection
2753,401562,Teenage Mutant Ninja Turtles (Remake) Collection
2755,347469,Antboy Collection
2759,402457,The Durango Kid
2767,109079,Saint Seiya Collection
2770,295130,The Maze Runner Collection
2772,112860,Kati Collection
2775,402074,Annabelle Collection
2776,312744,Madicken
2787,404609,John Wick Collection
2788,446782,The Disappearance Of Eleanor Rigby
2790,206449,Jungledyret Hugo Collection
2808,426103,Ouija Collection
2820,473185,Dead in Tombstone Collection
2835,404136,Hopalong Cassidy films
2837,315595,Tinker Bell Collection
2840,255478,Cowgirls n' Angels Collection
2843,382238,Cyborg Cop Trilogy
2849,33381,The Whistler collection
2857,313234,Warriors of the Rainbow: The Seediq Bale Saga
2859,331841,Babysitting
2861,98462,Fu Manchu Collection
2864,9500,Werner Collection
2865,351228,Ski School Collection
2869,132877,Painted Skin Collection
2871,282971,Aashiqui Collection
2873,147220,Valami Amerika gyűjtemény
2874,17149,20th Century Boys Collection
2875,417064,If You Are the One (Collection)
2878,392206,The Monkey King Collection
2879,389544,Les Tuche
2890,192486,The Doctor Series
2902,452675,Cleopatra Jones
2906,160401,Ninjas vs. Collection
2907,330524,Six Swedes Collection
2914,473730,Ringo Collection
2917,153636,Flower and Snake Collection
2919,188138,Il Maresciallo Giraldi Collection
2929,391860,Kingsman Collection
2934,296358,Anche gli angeli - Collezione
2937,201260,Trilogy Marseillaise
2939,441061,L'allenatore nel pallone - Collezione
2940,69788,Sharpe Collection
2950,279715,Beck Collection
2953,24717,Johan Falk GSI Collection
2955,326795,Freche Mädchen Filmreihe
2956,444665,I due carabinieri Collecion
2964,205029,The Reef Collection
2966,428046,Viy Collection
2967,464784,The Water of the Hills
2970,180019,V: The Collection
2972,285879,Seed Collection
2976,389867,Shark.Attack
2989,415799,East Side Kids
2993,385650,The Spiritual Boxer Collection
2997,456580,No Good Middle-Aged Yakuza Trilogy
2998,98180,Jungle Jim Collection
3004,9309,Winnetou Collection
3006,413663,Charlie Chan (Roland Winters) Collection
3016,155093,Tom Thorne Collection
3018,175763,TekWar Collection
3020,394258,The Amazing Colossal Man Duology
3021,384040,The Six Million Dollar Man Collection
3024,199629,Hercules TV Movies
3026,172000,Vi hade i alla fall tur med vädret Collection
3030,469648,Santas Paw
3038,354066,The Nancy Drew Collection (Bonita Granville)
3041,326849,Mostly Ghostly Collection
3056,468551,Justice League Collection
3057,422834,Ant-Man Collection
3058,448150,Deadpool Collection
3064,251117,Kenny Rogers Legend Of The Gambler
3065,458813,Salt and Pepper Collection
3066,421605,Heidi (Praesens-Film) Filmreihe
3067,2643,Aces Go Places Collection
3070,397848,Magic Kid Collection
3084,435805,The Man from U.N.C.L.E. Collection
3088,379897,Hayride Collection
3091,435108,Whistling Collection
3097,374930,Snow Queen Collection
3101,395433,Lone Wolf film series
3102,282117,Skeleton Key Collection
3103,122938,Ring of Fire Collection
3104,360344,Tarzan (Gordon Scott series)
3108,336557,The Ouija Experiment Collection
3109,223926,"Impy, the small dinosaur Collection"
3111,188133,Les Charlots - Saga
3113,114993,Unstable Fables Collection
3118,376527,Richard the Lionheart Collection
3119,270156,The Sweeney Collection
3120,324458,The Mark Collection
3121,218104,Snake Eater Collection
3126,360112,He Who Dares Collection
3127,452146,Old Way Collection
3128,277798,Isi/Disi Collection
3130,344830,Fifty Shades Collection
3132,87252,Halloweentown Collection
3135,173738,Fanthagirò Collection
3137,122778,Wodehouse P.G. Collection
3138,168949,The Encounter Collection
3139,297501,Dixie Zombi - Colección
3141,333154,Sunes samtliga Resor
3142,343733,Lotta
3144,369004,Borsalino Collection
3146,479549,Joséphine - Saga
3148,103001,Fantomas Collection
3157,279244,Family Guy Presents Collection
3158,393290,Sartana Collection
3163,181502,Screwballs Collection
3170,260520,Kathleen Madigan Collection
3176,314023,Hercules (Lou Ferrigno) Collection
3180,445118,Mark Collection
3183,147207,Glass Tiger collection
3193,104769,Lilla Jönsonligan Collection
3197,47629,Mr. Boogedy Collection
3198,441179,Chaar Sahibzaade Collection
3209,353792,Garage Sale Mystery Collection
3212,139394,Tomie Collection
3215,479319,George Carlin Comedy Collection
3217,352020,ДухLess (Коллекция)
3218,196753,Ghost in the Shell: Arise
3222,122661,Mardock Scramble Collection
3223,148065,Doraemon Collection
3229,133887,Apocalypse Collection
3230,141252,Cardcaptor Sakura Collection
3231,304025,Gwendolyn Shepherd Collection
3233,115840,Would I Lie to You? Collection
3234,118415,Berserk: Golden Age Arc
3242,301508,Sadako 3D Collection
3243,23240,The Garden of Sinners
3244,427944,The Happy Hooker Collection
3247,167552,Lemon Popsicle Collection
3248,396839,Robotech (Samling)
3249,412300,Fontaine Khaled Collection
3250,382113,Spiders - Collection
3252,470274,Killer Crocodile Collection
3259,68589,The Wixxer Trilogy
3260,333000,Santa's Apprentice
3261,259411,Sex Up Filmreihe
3263,9088,The Little Polar Bear Collection
3264,165679,Girl's on Top Collection
3266,94050,Lucky Luke (Animation) Collection
3268,1617,Erkan & Stefan Filmreihe
3272,165855,Kleines Arschloch Collection
3276,215606,Seven Dwarfs Collection
3277,133297,Ants in the Pants Collection
3278,407273,Dead Rising Collection
3279,122776,Kvartet I Collection
3283,287684,Schule Collection
3284,86346,Sabrina the Teenage Witch Collection
3288,478328,The Houses October Built Collection
3289,351231,Hardbodies Collection
3294,265865,Space Dogs
3297,442338,"Rico, Oskar 1, 2 & 3"
3303,473847,The War of Flower Collection
3304,272416,Lauras Stern
3306,315609,Mörderischer Norden
3307,44722,Munna Bhai Collection
3309,147765,The Dog Who Saved Christmas Collection
3315,356688,Batman Unlimited Collection
3321,227140,Black Emanuelle Collection
3328,123289,Unoffical Ghosthouse Series
3329,411859,Barbie Fairytopia Collection
3330,422361,Barbie A Mermaid Tale Collection
3332,447622,Barbie Mariposa Collection
3344,142022,Hera Pheri Collection
3346,318037,Martial Law Collection
3349,460334,Bulldog Drummond (Richard Johnson) Collection
3355,20970,Sarkar Collection
3358,256953,The Comics Collection
3361,188197,Cetto La Qualunque - Collezione
3362,146042,Oskar Luts Collection
3365,151149,My Sisters Kids Collection
3368,341455,Tanu Weds Manu Collection
3370,460357,Ada Apa Dengan Cinta? Collection
3374,456778,Max (Collection)
3377,435259,Fantastic Beasts Collection
3380,394316,Johnny Tsunami Collection
3383,321148,Zenon Collection
3394,427084,The Secret Life of Pets Collection
3395,443996,Ghost in the Shell: Stand Alone Complex
3396,363092,Mythica Collection
3399,333398,Cabin By The Lake Collection
3400,298778,1920 Collection
3401,205672,Encounters of the Spooky Kind Collection
3404,468039,The Sally Lochhart Mysteries Collection
3406,21624,Golmaal Collection
3407,256477,Saheb Biwi Aur Gangster Collection
3413,213697,Sex is Zero Collection
3415,264317,Bhoothnath Collection
3430,446015,Golgo 13 Collection
3431,445049,Il medico della mutua Collection
3433,438282,Cross Collection
3436,436483,Bad Kids Collection
3437,444377,Il tassinaro
3444,123203,Hellboy (Animated) Collection
3445,148614,Kim Possible Collection
3446,179042,Anja & Viktor Collection
3447,93788,Prep & Landing Collection
3448,141748,Robot Chicken: Star Wars Collection
3451,425881,Thunder in Paradise Collection
3455,138968,The Gingerdead Man Collection
3467,189157,Love in a... Collection
3472,23616,Naruto Collection
3474,106784,Love in the City Collection
3484,449530,Mystery Woman
3489,343477,Kusswechsel Filmreihe
3490,298187,Lezioni di Cioccolato Collection
3492,362554,Ex Collection
3494,294918,Paranormal Investigations Collection
3499,473502,NASU Collection
3505,256746,Vampire Boys Collection
3507,220441,Art of the Devil Collection
3510,289763,Long Arm of the Law Collection
3511,350309,Bahubali Collection
3513,401270,Lee Rock Collection
3514,439596,Lavalantula Collection
3516,363066,Erotic Ghost Story Collection
3522,212123,Tiny Times Collection
3526,41658,Fantozzi Collection
3531,41083,Scuola di ladri - Collezione
3533,376567,I pompieri - Collezione
3536,464374,Ur kärlekens språk
3538,466463,Descendants Collection
3539,224026,Monster High Collection
3543,143302,Mobile Suit Gundam Collection
3545,192974,White Crane Chronicles
3546,258506,Short Peace
3550,319644,Black Scorpion Collection
3553,322650,Detonator Collection
3556,107546,Puff Collection
3564,464125,Dragon Nest Collection
3567,361007,Calcutta Trilogy
3568,212166,Puella Magi Madoka Magica: The Movie
3569,463394,Always: Sunset on Third Street Collection
3570,370411,Attack on Titan Collection
3571,263101,Sailor Moon Collection
3574,93446,The Adventures of Erast Fandorin
3577,393328,Library Wars Collection
3579,427397,The Angrez Collection
3582,285249,Hard Time Collection
3584,389978,"Hard Revenge, Milly Collection"
3587,426761,Hentai Kamen Collection
3588,114488,Moskva-Kassiopeya Collection
3590,134635,Santa Baby Collection
3593,448758,Burnout Collection
3594,390774,The Krays Collection
3595,267308,Hot Wheels: AcceleRacers - Collection
3601,374663,Mrs. Miracle Collection
3606,32153,Fallen Collection
3607,295274,The Crossing Collection
3609,134633,Snow Collection
3610,263106,Twitches Collection
3611,437608,Papa ou Maman Collection
3614,479692,Robert
3619,59009,08/15 Collection
3623,47630,The Falcon Series
3626,330075,Little Witch Academia Collection
3627,147669,Das Sams Collection
3637,468552,Wonder Woman Collection
3641,320064,El pico - Colección
3642,338313,Argo Collection
3643,164072,Baby Burlesks
3649,386491,The Adventures of Mickey Matson Collection
3650,437584,The Falls Collection
3660,437439,Phobia Collection
3661,281882,Public Enemy Series
3663,385719,The Underdog Knight Collection
3665,305360,Lucky Luke (Terence Hill) Collection
3668,324703,Overheard Collection
3669,404302,Cold War Collection
3672,185627,Umizaru Collection
3675,334414,Ostwind Filmreihe
3677,385709,Tales From The Dark Collection
3686,201545,Chinese Boxer Collection
3689,442195,All Hallow's Eve Collection
3690,456734,The Prostitute Trilogy
3694,471435,Wolf Warriors Collection
3696,334486,Detective K Collection
3698,416491,Major Korenev Trilogy
3699,120447,Naval Cadets Collection
3700,120417,The Elusive Revengers Collection
3711,441461,Regalo di Natale - Collezione
3716,215293,The Under-Gifted Collection
3717,415699,Devasuram Collection
3720,198921,Алиса в стране чудес (Коллекция)
3725,195071,Adventures of Mowgli
3727,115164,Hornblower Collection
3731,128123,Dark Rising Collection
3734,380170,Flying Guillotine Collection
3736,155408,Young And Dangerous Collection
3738,131989,Recep İvedik Serisi
3748,295852,Extralarge Collection
3751,129453,Eating Out Series
3752,416942,Madeline
3760,312882,Pierino - Serie ufficiale
3762,400412,Northpole
3763,413935,Wizards of Waverly Place Collection
3769,315944,Wallander (Rolf Lassgård)
3771,192175,Fight Back to School Collection
3773,385386,Parasyte Collection
3791,473971,Daddy's Home Collection
3792,364344,"Murder, She Baked Collection"
3794,451539,The Bridge
3796,154752,Legend of the Galactic Heroes Collection
3800,397598,Arabian Nights
3803,98448,Thou Shalt Laugh Collection
3806,140059,We Were Here
3808,385863,F.C. De Kampioenen Collectie
3810,245321,K3 Collectie
3811,183680,OSS 117 The Original Saga
3812,425280,Slime City Collection
3813,425880,The Cheetah Girls Collection
3814,382402,Assassination Classroom Collection
3818,297142,White Collar Hooligan Collection
3820,216435,All for ...
3821,311102,Klassefesten (Samling)
3827,203029,Witchcraft Collection
3835,337957,ABCD Collection
3838,444485,Death Note Relight
3839,219363,Prostokvashino Collection
3841,107467,Самый лучший фильм - Коллекция
3854,20725,Raaz Collection
3857,377491,Les Profs
3858,402380,Pitbull - Kolekcja
3862,153629,Flower & Snake Collection
3863,362722,Fimfárum (kolekce)
3866,401655,Welcome Collection
3869,467457,Race Gurram collection
3872,228335,Rakht Charitra
3874,257071,All Stars Collectie
3880,100415,Thumbs! Collection
3882,427113,Little Bear
3883,256548,Father of Four Collection
3886,401261,Hate Story Collection
3888,133676,Knerten Collection
3890,380160,Die Kirche bleibt im Dorf Collection
3892,245198,Feluda Collection
3901,429409,Force Collection
3908,466894,Teen Titans Collection
3934,469613,Los Leguineche - Colección
3940,385250,Black Magic Collection
3945,265709,00 Schneider Filmreihe
3946,232403,Otto Collection
3949,97462,Macross Frontier Collection
3952,117354,Shin Chan Collection
3953,474013,Kolpaçino Serisi
3956,463398,Black & White Collection
3960,360346,Tarzan (Mike Henry series)
3961,122489,Billa Collection
3962,188577,Tognazzi & Vianello Collection
3963,199141,Tenchi Muyô Collection
3965,182371,Armitage III Collection
3966,145553,Slayers - Movie Collection
3967,207415,Fatal Fury Collection
3975,201689,Karas The Collection
3976,134063,Animation Runner Kuromi (OAV collection)
3978,452942,Megazone 23 Collection
3980,166018,M.D. Geist Collection
3983,139450,Memories Collection
3984,473840,Little Forest Collection
3988,343944,Singam Collection
3989,284346,Nana Collection
3993,214702,Mi Nismo Anđeli Collection
3995,277630,CyberTracker Collection
3998,480160,All of My Heart Collection
4000,401119,Flower Shop Mystery Collection
4003,345865,Emmanuelle 2000 Collections (USA)
4005,180142,Kenji Misumi's Trilogy of the Sword
4007,324909,LasseMaja: Samling
4015,87251,The Good Witch Collection
4016,257378,Fast Getaway Collection
4018,446792,The Bremen Town Musicians (Collection)
4020,96660,Circuitry Man Collection
4023,112369,Kung Fu Mahjong Collection
4030,206786,Goopy Bagha Trilogy
4035,442237,Mikogami Trilogy / Wanderer Jôkichi
4042,293196,Big Man Collection
4048,342577,Till Luck Do Us Part Collection
4049,374436,Waldemar Daninsky Collection
4050,351667,Un éléphant ça trompe énormément
4052,459434,Sherlock Holmes: The Golden Years Collection
4062,39199,Detective Conan Collection
4071,245326,The Fjällbacka Murders
4094,478244,Spirits' Homecoming Collection
4095,106368,Quando le donne avevano la coda
4097,444275,Eccezzziunale... veramente Collections
4099,376128,Beck - Historien om ett brott
4100,374202,Kizumonogatari
4101,102940,Break Blade Collection
4109,198987,Winnie-the-Pooh (Russian)
4117,238448,Les Ripoux - Trilogie
4123,415695,Nadodikkattu Collection
4124,201932,The Nigger Charley Collection
4126,243738,The Work and the Glory Collection
4129,477208,DC Super Hero Girls Collection
4130,160952,Caméra Café
4140,163798,Gumball 3000 Collection
4142,256374,Zero Woman Collection
4146,424842,Maigret (Rowan Atkinson) Collection
4148,418326,"Signed, Sealed, Delivered"
4172,414000,Omae Umasou Da na
4174,472917,In the Vineyard Collection
4177,347544,식객 시리즈
4183,364342,Gourmet Detective Collection
4189,413731,Nitro Collection
4191,425435,Flatland Collection
4192,427627,Outlaw Gangster VIP: The Complete Collection
4198,258372,Ivan Tsarevich & the Grey Wolf Collection
4201,122123,Three Heroes Collection
4203,158814,Karlson Collection
4212,429826,The Hobgoblin Collection
4213,474015,Mandıra Filozofu Serisi
4214,466388,Düğün Dernek Collection
4215,479971,Sağ Salim Serisi
4217,429232,Vai Que Dá Certo
4222,273099,Olsen Banden (Samling)
4224,180498,Krummerne (Samling)
4239,123751,Blood Island (Hammer series)
4259,367092,Tada's Do-It-All Collection
4260,98077,Der Bockerer Collection
4261,119240,The Joys of Torture Series
4262,114374,Fist of the North Star: The Legends of the True Savior
4272,403161,Miles Jupp Standup Collection
4273,132203,Alan Davies Collection
4274,129626,The Pub Landlord Collection
4275,129407,John Pinette Collection
4278,473845,Midnight Diner Collection
4280,429231,Tainá
4281,474022,Şevkat Yerimdar Serisi
4282,433140,Zipi y Zape - Colección
4290,397382,Epoch Collection
4305,363918,Aurélie Laflamme Collection
4307,197065,DMB Collection
4308,106011,Shadow Boxing Collection
4326,259308,I soliti idioti Collection
4327,288882,Bloodfight
4339,473977,Çalgı Çengi Collection
4340,131992,Eyyvah Eyvah Collection
4341,206857,Romantik Komedi [Seri]
4345,431791,Classmates Collection
4349,440769,Minions: 3 Mini-Movie Collection
4369,162782,Mommies Collection
4370,298162,"All inclusive, или все включено (Коллекция)"
4373,415054,Облако-рай (Коллекция)
4376,297252,Not Quite Human Collection
4382,112406,The Aum Shinrikyo Collection
4386,315054,Dark World Collection
4388,106790,Hooked Collection
4390,107478,Lovey-Dovey Collection
4393,170416,God of Gamblers Collection
4395,478947,Psy Collection
4402,137804,Никто не знает про секс - Коллекция
4410,122780,Параграф 78 - Дилогия
4417,403603,La Tour Infernale
4419,349336,Macskafogó gyűjtemény
4423,114916,Сказки Чуковского
4425,304809,Schoolgirl Report Collection
4426,329220,Adventures of a ...
4429,285428,The Cutlass Collection
4431,267551,Aniskin Collection
4432,142686,Зимняя Вишня (трилогия)
4439,284700,Ivan Brovkin Collection
4449,315091,Что Творят мужчины! (Коллекция)
4455,474012,Kocan Kadar Konuş Serisi
4466,463112,Hailey Dean Mystery Collection
4467,104774,Tomtar och Trolltyg Collection
4469,400500,Чебурашка и крокодил Гена
4475,148603,Ducobu Collection
4482,152918,Mister Blot Collection
4490,200641,Red Lotus Collection
